prompt	letter	model
A1	A	qwen35_2b
A1	B	gemma_e2b_q40
A1	C	gemma_e4b_q4km
A1	D	qwen35_4b
A1	E	gemma_e2b_q4km
A2	A	qwen35_4b
A2	B	gemma_e2b_q4km
A2	C	gemma_e2b_q40
A2	D	gemma_e4b_q4km
A2	E	qwen35_2b
A3	A	gemma_e2b_q4km
A3	B	qwen35_4b
A3	C	gemma_e2b_q40
A3	D	qwen35_2b
A3	E	gemma_e4b_q4km
A4	A	gemma_e4b_q4km
A4	B	qwen35_4b
A4	C	gemma_e2b_q4km
A4	D	qwen35_2b
A4	E	gemma_e2b_q40
A5	A	qwen35_2b
A5	B	qwen35_4b
A5	C	gemma_e4b_q4km
A5	D	gemma_e2b_q40
A5	E	gemma_e2b_q4km
A6	A	qwen35_4b
A6	B	gemma_e4b_q4km
A6	C	gemma_e2b_q4km
A6	D	qwen35_2b
A6	E	gemma_e2b_q40
A7	A	qwen35_2b
A7	B	gemma_e4b_q4km
A7	C	qwen35_4b
A7	D	gemma_e2b_q40
A7	E	gemma_e2b_q4km
B1	A	qwen35_4b
B1	B	gemma_e2b_q40
B1	C	qwen35_2b
B1	D	gemma_e2b_q4km
B1	E	gemma_e4b_q4km
B2	A	qwen35_2b
B2	B	gemma_e2b_q40
B2	C	qwen35_4b
B2	D	gemma_e2b_q4km
B2	E	gemma_e4b_q4km
B3	A	gemma_e4b_q4km
B3	B	qwen35_2b
B3	C	qwen35_4b
B3	D	gemma_e2b_q4km
B3	E	gemma_e2b_q40
B4	A	qwen35_4b
B4	B	gemma_e4b_q4km
B4	C	gemma_e2b_q40
B4	D	gemma_e2b_q4km
B4	E	qwen35_2b
B5	A	qwen35_2b
B5	B	qwen35_4b
B5	C	gemma_e2b_q4km
B5	D	gemma_e2b_q40
B5	E	gemma_e4b_q4km
B6	A	qwen35_2b
B6	B	gemma_e2b_q4km
B6	C	gemma_e4b_q4km
B6	D	gemma_e2b_q40
B6	E	qwen35_4b
B7	A	qwen35_4b
B7	B	qwen35_2b
B7	C	gemma_e4b_q4km
B7	D	gemma_e2b_q40
B7	E	gemma_e2b_q4km
