phone_path	bytes	sha256	kind
/termux-home/laya-onnx-test/onnx-fp32-output.txt	2778	23a3cb2d661c51ef48b74da814ecff088a6dbbb6bb587b55cb81982230d78671	raw_output
/termux-home/laya-onnx-test/onnx-sustained-output.txt	2737	70e8069a4989aafb9d4d51ce6642e68fcdda7baa2762e9ccdd754336682fdaa1	raw_output
/termux-home/laya-onnx-test/package-lock.json	8203	f90e9e93d37e88240f9d43b7846faae6f3ff6a3997c9c243c342705bf57a3c56	source_or_dependency_record
/termux-home/laya-onnx-test/package.json	285	7c828ba70c8c474e6ec93d3afae615687d5df9e13355d084a1e246ca0b6dc5d7	source_or_dependency_record
/termux-home/laya-q8-test/package-lock.json	32978	ac04922c60f5b4cf3179780215e7867c3015525a17f976dec1c04eb04b525044	source_or_dependency_record
/termux-home/laya-q8-test/package.json	362	62541b7c933f6b39975a310cd875ec7ddd061fec865a4b5406cee3a1a5d7fb33	source_or_dependency_record
/termux-home/laya-q8-test/q8-native-inference-output.txt	2229	b85b61d9fc0af96fbd193319ecd6fe433ee52f3e45764d9e1f7f13b47e907f6c	raw_output
/termux-home/laya-q8-test/q8-native-probe-output.txt	921	971a9693aecd5700580a193025fe6de39fcf22872514f3b2beee0aad819daa37	raw_output
/termux-home/laya-q8-test/q8-native-sustained-output.txt	3729	e436ce882ffb0c3d081caf8e5e8e1f433dbc229fe3c321cf522161e9ee9ac372	raw_output
/termux-home/laya-q8-test/q8-sweep-ALL_EIGHT.txt	1693	aec42e10d8dd2eaaf1bef8fd0417d7b8ea513b0343e9a4639db992c6c3bc7491	raw_output
/termux-home/laya-q8-test/q8-sweep-BIG_PAIR.txt	1689	6d98a282b4e28aef5401b04b4ccebbfcba170310adbe918a6463034b69f28ae2	raw_output
/termux-home/laya-q8-test/q8-sweep-BIG_SINGLE.txt	1691	64a6c25537c548999b706d733ce45e8686f085e47c129ea265f6203c6cf0f08d	raw_output
/termux-home/laya-q8-test/q8-sweep-FOUR_REPEAT.txt	1689	6d1f9be9f576f2e79449fc03ced4172f8eac77b77a7e3358b5a18dd517ca3f92	raw_output
/termux-home/laya-q8-test/q8-sweep-FOUR_START.txt	1689	8f5497a8a15ad119a22593472afec011e9b11af4bc87016fc37541aed64f2ea2	raw_output
/termux-home/laya-q8-test/q8-sweep-SIX_CORES.txt	1692	05bf29971426988e0617f5bcbb759214972f45e49664117f5ad7e79b6c33d974	raw_output
/termux-home/laya-q8-test/q8-sweep-THREE_PERFORMANCE.txt	1689	760315144556c12bc6fa043e40cd099f3117d32bc3570a119ce21700f89e48c6	raw_output
/termux-home/laya-q8-test/q8-wasm-buffered-output.txt	1089	1d34c1f3d175c2c3d16c54db094757c9e8946e1b2d04672704cb27cc217ac1a2	raw_output
/termux-home/laya-q8-test/q8-wasm-local-mjs-output.txt	1090	3bf7ebdc52c251e58abd469e127ae73f17aafd7ba06a9d551019b5a6f19b73fe	raw_output
/termux-home/laya-q8-test/q8-wasm-local-output.txt	823	357aef460703fb42382778c0464e36379f4f91a772e6e5f50324fb5dd4dda98d	raw_output
/termux-home/laya-q8-test/q8-wasm-output.txt	661	1ebaa0160bc9b271d7cbfabbacf63a5d802b9e8b5c433f240308e4c342f365b4	raw_output
/termux-home/laya-q8-test/q8-wasm-single-thread-buffered-output.txt	2398	2e2ff356810c7e977f5fe4946cbebbd99a6e36ff7e359c0a9f3e7d36d1dc91ab	raw_output
/termux-home/laya-q8-test/q8-wasm-single-thread-output.txt	1389	d04fb9876d5c66c2e03729a3e5f6b4bc34b86b6110292f38cfab4505b66350af	raw_output
/termux-home/laya-q8-test/q8_native_inference.mjs	17220	0910c1260fa7f043ec19cb60687113bd8ab41aa3fc1ca7465a22f61a350270e0	source_or_dependency_record
/termux-home/laya-q8-test/q8_native_probe.cjs	2443	d2e2e8d97a4d68b3151603964bb563c5845e9196aa54f5b4a41ab1dd420bdc35	source_or_dependency_record
/termux-home/laya-q8-test/q8_thread_sweep.mjs	17354	df3cd683c93a25104f7256cb8d2971437b7705086ab3dbd8f7c178a81a965f6a	source_or_dependency_record
/termux-home/laya-q8-test/q8_wasm_four_threads_buffered.mjs	18039	a20dbdca7d990d8a6617a846cfeb2d97e8a406b8ec119699f4e0c7d1c3613603	source_or_dependency_record
/termux-home/laya-q8-test/q8_wasm_four_threads_buffered_output.txt	861	216766636da3bcf1452aa186f8e2d3c6d7a3c3b0cb96ce54856a2144383e6de0	raw_output
/termux-home/laya-q8-test/q8_wasm_inference.mjs	17469	4eb85d1d5879778a32b0f1042384a01aa7ca28677964109fde766f5cfb0799c2	source_or_dependency_record
/termux-home/laya-q8-test/q8_wasm_inference_buffered.mjs	18390	00c2afdc464462939d7e6473fb5e6bfa10bccf1ed261715265abb9ca5bd808b8	source_or_dependency_record
/termux-home/laya-q8-test/q8_wasm_inference_local.mjs	17973	e58e32fa996383a453c3a6f3fa3c91e2e43a6b267a3c8c5fc3afd217317f483f	source_or_dependency_record
/termux-home/laya-q8-test/q8_wasm_inference_local_mjs.mjs	18357	fd6b4b77f9851e9655a5dc67756bbe5c546ba09737d481f9763f5d143c42b3b9	source_or_dependency_record
/termux-home/laya-q8-test/q8_wasm_single_thread.mjs	18006	17c710adb03f85be9d2cb6773d6abc5bba837f6df75ffda7e19563954c996e16	source_or_dependency_record
/termux-home/laya-q8-test/q8_wasm_single_thread_buffered.mjs	18039	51dd91c80ad01ad7f0895602f3ce02a99b529f7e404c3a292fff15559756d874	source_or_dependency_record
/termux-home/laya-test/affinity-output.txt	3913	9870142aad19f51a4baa4c8d7f528b139ab8bc44c7bc9223da7e0478da3b65aa	raw_output
/termux-home/laya-test/input-length-output.txt	2525	e105ffc79c5e626368f0b0c3a6bf194b4ba1042e0e80a0c98c34f0ab0a32a018	raw_output
/termux-home/laya-test/laya_smoke.py	2411	6466cd08c6f7e1d716ddc21db6bd270e709abe3346e89ad1f4e42c9aba95ead5	source_or_dependency_record
/termux-home/laya-test/pinned-big2-output.txt	1299	efb5a71faa95b14b4590c8d9b9f6cd0cb477ea8ab30d71f4b79e6080fec91325	raw_output
/termux-home/laya-test/pinned-performance4-output.txt	1153	752a669f70832d748aefd413b69d01d487fa0f6ed3acd3df993476e8ee393f26	raw_output
/termux-home/laya-test/smoke-offline-output.txt	943	781e974b823b779ab44b7d579a9012d55a11681206e4e2cec58c40cee7c3c69c	raw_output
/termux-home/laya-test/smoke-output.txt	2969	dcd43820590e164fbed27cb324a654504ff174295d110cb88073afac5d215f9e	raw_output
/termux-home/laya-test/thread-sweep-output.txt	1542	b2cec7ac2617ab5b391bc0268612596b0c27917d66b37c119db5b26412c67d5e	raw_output
/termux-home/laya-test/warm-output.txt	1277	f663f5a979b035ba94aef1bec6a2ca971ac6e5d74bedfff058681ac593b72a29	raw_output
/termux-home/laya-web-browser/app/bun.lock	39688	2c9b8c89bd7d88543aa60a4d436a61fc714dece9a8352a2159d9e0c4fb291d06	source_or_dependency_record
/termux-home/laya-web-browser/app/package.json	926	3aa55e0e73b80c5059ddd75046981193858f7d351b1a647d415dbf68477fb557	source_or_dependency_record
/termux-home/laya-web-browser/app/src/benchmark.ts	4898	1e90e14a5944161af628c67f2d3a97c0774d00aa5d342dd822aee14350de37b3	source_or_dependency_record
/termux-home/laya-web-browser/app/src/parity.ts	4137	3d4c3175770d1cae6bc8bc06ef17d59dcbbe17e22aa2e2f4b886a32892504946	source_or_dependency_record
/termux-home/von-test/von-first-load-output.txt	1770	746d3648431421c9de973c048c478ea696a035b6da97ff4452d93d9105829ea8	raw_output
/termux-home/von-test/von-safety-matrix-output.txt	6657	4100d6199f4fcb72caaee98081bad76ad5f3a284f1027bff97a6147c77d4ed77	raw_output
/termux-home/von-test/von-warm-four-thread-output.txt	2609	1d7d3e7e60c8691787b0d67ebc825611379e71ab14110861aa57f457bca9ea89	raw_output
